Path,Index
fr/Family_98/Sofia_Coppola_daughter,1
F0232/FERDINAND.WILLEM-ALEXANDER/223/Alexia,2
fr/Family_51/Keith_Allen_father,3
fr/Family_48/Michael_Sheen_father,4
F0142/CLEESE.JOHN/191/John,5
F0031/ARANGO.ANDRES.PASTRANA/42/Andres,6
fr/Family_42/Billy_Joel_father,7
fr/Family_100/Hulk_hogan_daughter,8
fr/Family_35/henri_de_luxembourg_father,9
F0323/HENRI.GRAND.DUKE.OF.LUXEMBOURG/354/Henri,9
F0436/LINDBERGH.CHARLES/418/Charles,11
fr/Family_54/Kevin_Bacon_father,12
fr/Family_15/richard_hilton_father,13
"in/Family_84/David Armstrong-Jones, 2nd Earl of Snowdon_son",14
"in/Family_84/Antony Armstrong-Jones, 1st Earl of Snowdon_father",15
in/Family_126/Craig Hemsworth_father,16
in/Family_125/Craig Hemsworth_father,16
F0260/GABEL.SETH/283/Ron Howard,18
F0693/SMITH.MAGGIE/635/Chris,19
F0063/BEAVER.CECILY/93/Jim,20
fr/Family_49/Kevin_Smith_father,21
F2009/Logan Paul/837/Greg (Father),22
in/Family_21/Branson Richard_father,23
F0323/HENRI.GRAND.DUKE.OF.LUXEMBOURG/355/Jean,24
F0030/ARAFAT.YASSER/38/Yasser,25
F0030/ARAFAT.YASSER/37/Fathi,26
F0407/KNIGHT.PHIL/397/Phil Knight,27
in/Family_33/Eastwood Clint_father,28
fr/Family_65/Clint_eastwood_father,28
F0205/Eastwood.Clint/220/Clint,28
F0204/EASTWOOD-JOHNSON/214/Clint,28
F0036/ARMANI.GIORGIO/49/Giorgio,32
F0409/KOCH.FRED/406/William Koch,33
F0409/KOCH.FRED/404/David Koch,34
F0269/GATES.BILL/308/Bill Sr,35
F0008/AFFLECK.BEN/27/Timothy,36
F2011/Douglas.Michael/846/Kirk (father),37
in/Family_48/Gustaf King Carl XVI_father,38
fr/Family_87/GUSTAF_KING_CARL_XVI_father,38
F0292/GUSTAF.KING.CARL.XVI/313/Carl,38
F0660/SANDERS.BERNIE/609/Bernie,41
in/Family_135/Arnold Schwarzenegger_father,42
in/Family_134/Arnold Schwarzenegger_father,42
in/Family_4/Arnold_Schwarzenegger_father,42
fr/Family_28/Arnold_Schwarzenegger_father,42
F0740/THURMAN.UMA/664/Rob,46
F0409/KOCH.FRED/403/Charles Koch,47
F0267/GARFIELD.ANDREW/300/Grandfather,48
F0258/FRIEDMAN.MILTON/276/Milton,49
in/Family_141/Timothy Carlton_father,50
F0408/KNIGHTLEY.KEIRA/402/Will,51
fr/Family_95/Edward_de_Wessex_father,52
F0588/PORTMAN.NATALIE/537/Avner,53
fr/Family_89/Sting_father,54
F0116/CAAN.JAMES/160/James,55
F0189/DESCHANEL.ZOOEY/197/Caleb,56
fr/Family_56/Philippe_de_Belgique_father,57
F0747/TRAINOR.MEGHAN/666/Gary Trainor,58
F0833/Leitte.Claudia/734/Claudio,59
fr/Family_17/franco_amurri_father,60
fr/Family_22/bill_clinton_father,61
fr/Family_36/Jon_Voight_father,62
F0581/PITT-JOLIE/528/Jon,62
fr/Family_30/Donald_Trump_father,64
F0232/FERDINAND.WILLEM-ALEXANDER/227/Willem,65
F0497/Miller.Brian/484/Brian,66
fr/Family_38/Don_Gummer_father,67
F0462/MANNING.PEYTON/451/Archie,68
fr/Family_8/Bryan_Lourd_father,69
F0009/Gronkowski.Rob/33/Gordie,70
fr/Family_66/Bruce_Willis_father,71
F0782/WATSON.EMMA/691/Chris Watson,72
F0658/Kraft.Robert/604/Robert,73
fr/Family_10/don_johnson_father,74
fr/Family_88/Howard_Deutch_father,75
F0315/HASSELBECK.MATT&TIM/347/Tim,76
F0315/HASSELBECK.MATT&TIM/345/Don,77
fr/Family_6/AFFLECK_BEN_father,78
F0008/AFFLECK.BEN/24/Ben,78
fr/Family_50/MIKKELSEN_MADS_father,80
F0496/MIKKELSEN.MADS/481/Mads,80
in/Family_112/Suresh Oberoi_father,82
F0657/Sadat.Anwar/598/Anwar,83
fr/Family_60/Kenny_Anderson_father,84
F0635/ROCK.CHRIS/577/Chris,85
fr/Family_91/Lil_Wayne_father,86
F0312/HART.KEVIN/343/Robert,87
F0312/HART.KEVIN/342/Kevin,88
F0202/DURANT.KEVIN/200/Kevin,89
in/Family_116/Jada Pinkett Smith_mother,90
fr/Family_20/jada_pinkett_smith_mother,90
F2000/Smith.Will/829/Jada (Wife),90
F0439/Ripken.Cal/433/Bill,93
F0635/ROCK.CHRIS/576/Zahra,94
F0635/ROCK.CHRIS/574/Lola,95
F0439/Ripken.Cal/432/Violet,96
fr/Family_91/Reginae_Carter_daughter,97
fr/Family_91/Antonia_Wright_mother,98
fr/Family_62/rihanna_daughter,99
fr/Family_18/Malia_Obama_daughter,100
F2018/Obama.Barack/875/Malia (daughter),100
F2018/Obama.Barack/876/Sasha (daughter),102
fr/Family_18/michelle_obama_mother,103
F2018/Obama.Barack/874/Michelle (wife),103
fr/Family_79/Bria_Murphy_daughter,105
fr/Family_60/jazz_anderson_daughter,106
fr/Family_60/Tami_Roman_mother,107
fr/Family_62/Monica_braithwaite_mother,108
fr/Family_20/willow_smith_daughter,109
F2000/Smith.Will/831/Willow (Daughter),109
fr/Family_63/Jasmine_Jordan_daughter,111
F0804/WINFREY.OPRAH/716/Vernita,112
F0804/WINFREY.OPRAH/715/Patricia,113
F0894/Brady.Wayne/799/Maile,114
F0401/KING.MARTIN.LUTHER/384/Bernice,115
F0804/WINFREY.OPRAH/714/Ophrah,116
F0202/DURANT.KEVIN/199/Wanda,117
F0202/DURANT.KEVIN/198/Barbara,118
F0401/KING.MARTIN.LUTHER/383/Alveda,119
F0804/WINFREY.OPRAH/712/Barbara,120
F0401/KING.MARTIN.LUTHER/386/Yolanda,121
F0915/Rudolph.Maya/814/Marc,122
F0401/KING.MARTIN.LUTHER/390/MLK Sr.,123
in/Family_115/Caroline Bright_mother,124
F0401/KING.MARTIN.LUTHER/385/Coretta,125
F0439/Ripken.Cal/431/Rachel,126
F0312/HART.KEVIN/339/Torrei,127
F0312/HART.KEVIN/337/Haven,128
F0804/WINFREY.OPRAH/713/Chrishaunda,129
in/Family_54/Ata_mother,130
F0370/JOHNSON.DWAYNE/361/Ata,130
fr/Family_63/Juanita_Vanoy_mother,132
F0915/Rudolph.Maya/813/Minnie Sr.,133
F0259/FREEMAN.MORGAN/277/Deena Adair,134
F2014/Jenner.Kylie/861/Kris (Mother),135
F0635/ROCK.CHRIS/575/Malaak,136
F0437/LIU.LUCY/420/Cecilia,137
F0039/ARROYO.GLORIA/66/Gloria,138
in/Family_67/Vilma_mother,139
F0463/MANZANO.LUIS/455/Vilma,139
F0007/ADULYADEJ.BHUMIBOL/11/Galyani,141
F0007/ADULYADEJ.BHUMIBOL/13/Srinagarindra,142
in/Family_3/Sirikit_mother,143
fr/Family_85/sirikit_kitiyakara_mother,143
F0007/ADULYADEJ.BHUMIBOL/12/Sirikit,143
fr/Family_55/peng_liyuan_mother,146
in/Family_17/Chris Bosh_father,147
F0091/BOSH.CHRIS/121/Chris,147
F0091/BOSH.CHRIS/123/Joel,149
F0202/DURANT.KEVIN/201/Tony,150
in/Family_9/Clifford_Joseph_Harris_Jr._father,151
in/Family_8/Clifford_Joseph_Harris_Jr._father,151
in/Family_9/Messiah_Ya_Majesty_Harris_son,153
in/Family_116/Jaden Smith_son,154
F2000/Smith.Will/830/Jaden (Son),154
F0912/Lee.Spike/810/Spike,156
F0912/Lee.Spike/809/Jackson,157
in/Family_117/Will Smith_father,158
in/Family_116/Will Smith_father,158
in/Family_115/Will Smith_son,158
fr/Family_20/will_smith_father,158
F2000/Smith.Will/828/Will,158
in/Family_8/Domani_Harris_son,163
fr/Family_85/Ubolratana_Rajakanya_daughter,164
F0007/ADULYADEJ.BHUMIBOL/15/Ubolratana,164
F0007/ADULYADEJ.BHUMIBOL/10/Chulabhorn,166
F0437/LIU.LUCY/421/Lucy Liu,167
fr/Family_32/Kris_Jenner_mother,168
F0406/KLUM-SAMUEL/395/Johan,169
F0406/KLUM-SAMUEL/394/Henry,170
in/Family_13/Isiah_son,171
F0054/BARNES.MATT/80/Carter,172
in/Family_6/Carter_son,172
F0054/BARNES.MATT/81/Isiah,171
F0312/HART.KEVIN/340/Hendrix,175
F0091/BOSH.CHRIS/120/Trinity,176
in/Family_17/Jackson Bosh_son,177
F0091/BOSH.CHRIS/122/jackson,177
F0406/KLUM-SAMUEL/393/Lou,179
fr/Family_55/Xi_Jinping_father,180
F0401/KING.MARTIN.LUTHER/382/Alberta,181
in/Family_143/Pamela chopra_mother,182
F0603/PULVER.JENS/548/Kannika,183
F0401/KING.MARTIN.LUTHER/389/MLK Jr.,184
F0401/KING.MARTIN.LUTHER/388/MLK III,185
fr/Family_79/Eddie_Murphy_father,186
F0259/FREEMAN.MORGAN/280/Alfonso,187
F0202/DURANT.KEVIN/202/Wayne,188
F0091/BOSH.CHRIS/124/Noel,189
F0804/WINFREY.OPRAH/718/Vernon,190
F0259/FREEMAN.MORGAN/281/Morgan Freeman,191
"in/Family_115/Willard Carroll Smith, Sr_father",192
F0635/ROCK.CHRIS/578/Tony,193
in/Family_54/Rocky Johnson_father,194
fr/Family_62/Ronald_fenty_father,195
fr/Family_79/Nicole_Mitchell_Murphy_mother,196
in/Family_9/Lashon_Dixon_mother,197
in/Family_8/Lashon_Dixon_mother,198
F0259/FREEMAN.MORGAN/278/Morgana,199
F0439/Ripken.Cal/434/Cal,200
F0007/ADULYADEJ.BHUMIBOL/14/Stringhorn,201
fr/Family_66/Tallulah_Belle_Willis_daughter,202
F0189/DESCHANEL.ZOOEY/194/Emily,203
fr/Family_2/Julia_Restoin_Roitfeld_daughter,204
in/Family_26/Luke Hudson Gavigan_son,205
F0234/FERREL.WILL/237/Mattias (second son of will),206
F0120/CAPSHAW-GAVIGAN/175/luke,207
F0833/Leitte.Claudia/737/Rafael,208
F0588/PORTMAN.NATALIE/536/Aleph,209
in/Family_76/Luka_son,210
F0633/ROBBEN.ARJEN/566/Luka,210
F2020/Tomilson.Louis/884/Freddie (son),212
F0656/SACCONE-JOLY.ANNA/594/Eduardo,213
F0656/SACCONE-JOLY.ANNA/592/Emilia,214
F0120/CAPSHAW-GAVIGAN/173/poppy,215
F0120/CAPSHAW-GAVIGAN/172/Kate,216
F0120/CAPSHAW-GAVIGAN/170/eve,217
F0633/ROBBEN.ARJEN/563/Lynn,218
F0036/ARMANI.GIORGIO/50/Sergio,219
F0454/MADISON.HOLLY/444/Rainbow,220
F0633/ROBBEN.ARJEN/565/Kai,221
F0833/Leitte.Claudia/735/Davi,222
F0232/FERDINAND.WILLEM-ALEXANDER/225/Ariane,223
in/Family_71/Collin Thomas Gosselin_son,224
F0462/MANNING.PEYTON/453/Marshall,225
F0234/FERREL.WILL/235/Axel (third child of will),226
F0266/GARCIA.RADAMEL/294/Desiree,227
F0234/FERREL.WILL/236/Magnus (son of will),228
F0453/MACHIDA.LYOTO/440/Kaito,229
F0924/Zoe.Rachel/822/Kaius,230
F0924/Zoe.Rachel/821/Skyler,231
F2019/Tomilson.Louis/883/Phoebe (half sister),232
F2019/Tomilson.Louis/882/Daisy (half sister),233
in/Family_119/John Jolie-Pitt_son,234
F0581/PITT-JOLIE/523/Shiloh,234
in/Family_72/Knox_son,236
F0581/PITT-JOLIE/529/Knox,236
F0634/ROBERTS.JULIA/569/Hazel,238
F0406/KLUM-SAMUEL/392/Leni,239
F0651/RUDD.PAUL/588/Darby,240
F0064/BECKHAM.DAVID/94/Harper,241
F0771/WAHLBERG.MARK/675/Grace,242
F0771/WAHLBERG.MARK/674/Ella,243
in/Family_86/Michael_son,244
F0771/WAHLBERG.MARK/679/Michael,244
F0771/WAHLBERG.MARK/677/Brendon,246
F0294/GWYNETH.PALTROW/325/Apple,247
F0323/HENRI.GRAND.DUKE.OF.LUXEMBOURG/348/Amalia,248
F0037/ARMSTRONG.LANCE/55/Olivia,249
in/Family_50/Moses_son,250
F0294/GWYNETH.PALTROW/329/Moses,250
F0581/PITT-JOLIE/524/Vivienne,252
F0660/SANDERS.BERNIE/610/Dylan,253
F0064/BECKHAM.DAVID/97/Cruz,254
fr/Family_44/Ella_Stiller_daughter,255
F0749/TRAVOLTA.JOHN/671/Benjamin,256
F0096/BRADY-BUNDCHEN/127/Benjamin,257
F0603/PULVER.JENS/550/Karson,258
F0453/MACHIDA.LYOTO/442/Taiyo,259
F0055/BARRETTO.CLAUDINE/85/Rodrigo,260
F0055/BARRETTO.CLAUDINE/83/Claudine,261
F0111/BULLOCK.STEVE/156/Cameron,262
F0634/ROBERTS.JULIA/573/Phinnaeus,263
F0660/SANDERS.BERNIE/607/Ella,264
F0776/WALTERS.JULIE/681/Maisie,265
fr/Family_6/Violet_Affleck_daughter,266
F0008/AFFLECK.BEN/22/Violet,266
F0499/MILLER.SIENNA/489/Marlowe,268
F0260/GABEL.SETH/282/Bryce,269
fr/Family_78/Suri_Cruise_daughter,270
fr/Family_53/victoria_aitken_mother,271
F0668/SCHRIVER.EUNICE/623/Eunice,272
F0658/Kraft.Robert/599/Myra,273
F0895/Esten.Charles/803/Cynthia,274
fr/Family_4/BARANSKI_CHRISTINE_mother,276
F0052/BARANSKI.CHRISTINE/69/Christine,276
in/Family_131/Sasha Czack_mother,277
fr/Family_19/lori_loughlin_mother,278
fr/Family_67/Ali_hewson_mother,279
fr/Family_63/Michael_Jordan_father,280
F0406/KLUM-SAMUEL/396/Seal,281
in/Family_88/White Vanna_mother,282
F0893/White.Vanna/796/Vanna,282
F0259/FREEMAN.MORGAN/279/Myrna,284
F0464/MARA.ROONEY/458/Kate,285
F0037/ARMSTRONG.LANCE/51/Anna,286
fr/Family_25/ozzy_osbourne_father,287
F2001/Osbourne.Ozzy/832/Ozzy,287
fr/Family_2/Carine_Roitfeld_mother,289
F0232/FERDINAND.WILLEM-ALEXANDER/226/Maxima,290
F0096/BRADY-BUNDCHEN/129/John,291
F0804/WINFREY.OPRAH/717/Stedman,292
F2010/Dixie D'Amelio/844/Charli (Daughter),293
F2010/Dixie D'Amelio/843/Dixie (Daughter),294
fr/Family_73/Shanaya_Kapoor_daughter,295
fr/Family_90/Mark_Gastineau_father,296
fr/Family_87/Victoria_de_Suede_daughter,297
F0292/GUSTAF.KING.CARL.XVI/312/Victoria,297
in/Family_48/Silivia_mother,299
F0292/GUSTAF.KING.CARL.XVI/311/Silva,299
fr/Family_87/Silvia_Sommerlath_mother,299
fr/Family_92/Quincy_Jones_father,302
in/Family_20/Romeo_Beckham_son,303
F0064/BECKHAM.DAVID/99/Romeo,303
F0740/THURMAN.UMA/662/Levon,305
F2011/Douglas.Michael/848/Dylan Michael (son),306
F0782/WATSON.EMMA/690/Alex Watson (brother of emma),307
in/Family_1/Brooklyn_Beckham_son,308
F0064/BECKHAM.DAVID/96/Brooklyn,308
in/Family_117/Sheree Zampino_mother,310
in/Family_6/Barnes Matt_father,311
in/Family_13/Barnes Matt_father,311
F0054/BARNES.MATT/82/Matt,311
F0129/CASH.JOHNNY/184/Joseph,314
fr/Family_26/maude_apatow_daughter,315
fr/Family_14/Coco_Arquette_daughter,316
F2001/Osbourne.Ozzy/836/Jack (Son),317
F0941/Engvall.Bill/827/Travis,318
fr/Family_3/Sofia_de_Borbon_y_Ortiz_daughter,319
F0400/KING.JUAN.CARLOS.I/377/Sofia (infant),319
F0400/KING.JUAN.CARLOS.I/374/Leonor,321
in/Family_20/Victoria_Beckham_mother,322
in/Family_1/Victoria_Beckham_mother,322
F0064/BECKHAM.DAVID/95/Victoria,322
F0205/Eastwood.Clint/218/Morgan,325
F0406/KLUM-SAMUEL/391/Heidi,326
fr/Family_83/Blythe_Danner_mother,327
F0294/GWYNETH.PALTROW/326/Blythe,327
F0295/GYLLENHAAL.JAKE/332/Naomi,329
in/Family_50/Gwyneth_mother,330
fr/Family_83/Gwyneth_Paltrow_daughter,330
F0294/GWYNETH.PALTROW/327/Gwyneth,330
fr/Family_83/Bruce_Paltrow_father,333
fr/Family_17/susan_sarandon_mother,334
in/Family_2/Helene_mother,335
in/Family_10/Helene_mother,335
F0038/ARNAULT.BERNARD/61/Helene,335
F0693/SMITH.MAGGIE/634/Maggie,338
F0295/GYLLENHAAL.JAKE/331/Maggie,339
F0205/Eastwood.Clint/219/Sandra,340
F0657/Sadat.Anwar/597/Jehan,341
F0740/THURMAN.UMA/656/Nena,342
F0204/EASTWOOD-JOHNSON/213/Maggie,343
in/Family_59/Cynthia_mother,344
F0430/LENNON.JOHN/407/Cynthia,344
in/Family_118/Jane Etta_mother,346
F0581/PITT-JOLIE/527/Jane,346
fr/Family_17/eva_amurri_daughter,348
F0651/RUDD.PAUL/589/Julie,349
F0490/MESSI.LIONEL/466/Sis,350
F0452/MA.YO-YO/437/Jill,351
in/Family_127/Jenny Bale_mother,352
in/Family_123/Nancy Carlsson-Paige_mother,353
F0660/SANDERS.BERNIE/608/Jane,354
fr/Family_69/Shahrukh_Khan_father,355
F0401/KING.MARTIN.LUTHER/387/Dexter,356
fr/Family_88/Lea_Thompson_mother,357
F0661/SANDLER.ADAM/615/Sunny,358
F0661/SANDLER.ADAM/614/Sadie,359
fr/Family_99/Marilyn_Wilson_mother,360
fr/Family_65/Frances_Fisher_mother,361
F0851/Santos.Silvio/755/Iris,362
fr/Family_89/Trudie_Styler_mother,363
fr/Family_59/Laura_Bush_mother,364
fr/Family_90/Lisa_Gastineau_mother,365
F0651/RUDD.PAUL/590/Jack,366
fr/Family_74/Melissa_Rivers_daughter,367
F0632/RIVERS.JOAN/559/Melissa,367
fr/Family_74/RIVERS_JOAN_mother,369
F0632/RIVERS.JOAN/558/Joan,369
F0832/Bonner.William/730/Vinicius,371
fr/Family_21/kim_basinger_mother,372
F0142/CLEESE.JOHN/189/Jennifer,373
F0116/CAAN.JAMES/158/Linda,374
F0142/CLEESE.JOHN/185/Alyce,375
F0668/SCHRIVER.EUNICE/624/Joan,376
F0097/BRAFF.ZACH/131/Anne,377
F2011/Douglas.Michael/847/Diana (mother),378
F0634/ROBERTS.JULIA/567/Betty,379
in/Family_149/Neelima Azeem_mother,380
in/Family_110/Neelima Azeem_mother,380
in/Family_107/Jaya Bachchan_mother,382
in/Family_120/Irmelin Indenbirken_mother,383
F0258/FRIEDMAN.MILTON/273/Rose,384
fr/Family_98/Eleanor_Coppola_mother,385
F0408/KNIGHTLEY.KEIRA/400/Sharman,386
in/Family_104/Honey Irani_mother,387
in/Family_113/Pinky Roshan_mother,388
in/Family_103/Neetu Singh_mother,389
in/Family_146/Surekha Konidela_mother,390
in/Family_106/Karuna Dhawan_mother,391
in/Family_70/Denise_mother,392
F0009/Gronkowski.Rob/28/Diane,393
in/Family_33/Jacelyn Reeves_mother,394
F0572/PERSSON.STEFAN/517/Denise,395
F0205/Eastwood.Clint/216/Allison,396
F0204/EASTWOOD-JOHNSON/212/Allison,396
in/Family_5/Pamela_Anderson_mother,398
fr/Family_25/Sharon_Osbourne_mother,399
F2001/Osbourne.Ozzy/833/Sharon (Wife),399
fr/Family_40/Elisabeth_Depardieu_mother,401
fr/Family_10/Melanie_griffith_mother,402
fr/Family_100/linda_bollea_daughter,403
fr/Family_100/brooke_hogan_daughter,404
fr/Family_43/Courtney_Love_mother,405
F2017/Cobain.Kurt/871/Courtney Love (wife),405
fr/Family_37/Heather_Locklear_mother,407
fr/Family_16/goldie_hawn_mother,408
F2016/Kurt.Russell/868/Goldie Hawn (mother),408
fr/Family_42/Christie_Brinkley_mother,410
fr/Family_47/Yolanda_Hadid_mother,411
F2013/Hadid.Bella/857/Yolanda (Mother),411
F0833/Leitte.Claudia/733/Ilna,413
fr/Family_46/anette_qviberg_mother,414
fr/Family_95/Louise_Mountbatten-Windsor_daughter,415
F0659/SALINGER..J.D/605/Margaret,416
F0189/DESCHANEL.ZOOEY/195/Mary,417
fr/Family_5/Alexandra_Lamy_mother,418
F0031/ARANGO.ANDRES.PASTRANA/40/Nohra,419
F2009/Logan Paul/838/Pam (Mother),420
F0519/MURRAY.ANDY/492/Judy,421
F0776/WALTERS.JULIE/680/Julie,422
"Series([], )/Series([], )/888/Series([], )",423
F0667/SCHAEFFLER.GEORG/620/Maria,424
F0692/SMITH.JACLYN/631/Margaret,425
fr/Family_66/Demi_Moore_mother,426
fr/Family_14/courteney_cox_mother,427
fr/Family_94/Priscilla_Presley_mother,428
in/Family_4/Maria_Shriver_mother,429
in/Family_135/Maria Shriver_mother,429
in/Family_134/Maria Shriver_mother,429
fr/Family_28/Maria_Shriver_mother,429
fr/Family_24/Sarah_Ferguson_mother,433
F0096/BRADY-BUNDCHEN/125/Galynn,434
fr/Family_72/Khushi_Kapoor_daughter,435
F0053/BARDEM-CRUZ.JAVIER&PENELOPE/75/Pilar,436
fr/Family_51/Alison_Owen_mother,437
fr/Family_77/Catherine_Zeta-Jones_mother,438
F2011/Douglas.Michael/849/Catherine (wife),438
F0851/Santos.Silvio/754/Daniela,440
fr/Family_48/BECKINSALE_KATE_mother,441
F0065/BECKINSDALE.KATE/101/Kate,441
F0036/ARMANI.GIORGIO/45/Roberta,443
F0315/HASSELBECK.MATT&TIM/344/Mary,444
F0866/Zhang.Liang/781/Yuexuan,445
F0031/ARANGO.ANDRES.PASTRANA/41/Valentina,446
F0008/AFFLECK.BEN/21/Seraphina,447
F0465/MARANO.LAURA&VANESSA/462/Laura,448
F0030/ARAFAT.YASSER/36/Zahwa,449
F0832/Bonner.William/729/Laura,450
F0053/BARDEM-CRUZ.JAVIER&PENELOPE/74/Penelope,451
F0053/BARDEM-CRUZ.JAVIER&PENELOPE/73/Monica,452
fr/Family_57/Bianca_Bree_daughter,453
F0370/JOHNSON.DWAYNE/363/Simone,454
in/Family_19/Kim_Porter_mother,455
fr/Family_23/LOHAN_LINDSAY_daughter,456
F0438/LOHAN.LINDSAY/425/Lindsay,456
fr/Family_51/Lily_Allen_daughter,458
fr/Family_23/Dina_Lohan_mother,459
F0438/LOHAN.LINDSAY/424/Dina,459
fr/Family_97/Gina_Maria_Schumacher_daughter,461
F0669/SCHUMACHER.MICHAEL/627/Gina,461
fr/Family_25/Kelly_Osbourne_daughter,463
F2001/Osbourne.Ozzy/834/Kelly (Daughter),463
F0062/BEAN.SEAN/89/Molly,465
F0062/BEAN.SEAN/87/Lorna,466
F0747/TRAINOR.MEGHAN/665/Meghan Trainor,467
F0269/GATES.BILL/306/Phoebe,468
F0490/MESSI.LIONEL/472/S1,469
F0008/AFFLECK.BEN/23/Atticus,470
F0851/Santos.Silvio/758/Renata,471
F0851/Santos.Silvio/757/Rebeca,472
fr/Family_45/London_King_mother,473
F0499/MILLER.SIENNA/490/Siena,474
in/Family_113/Rakesh Roshan_father,475
in/Family_113/Hrithik_Roshan_son,476
fr/Family_52/liv_tyler_daughter,477
F0007/ADULYADEJ.BHUMIBOL/16/Ananda,478
in/Family_64/Rocco Ritchie_son,479
F0455/MADONNA/449/Rocco,479
F0008/AFFLECK.BEN/26/Indiana,481
F0782/WATSON.EMMA/688/Emma Watson,482
F0465/MARANO.LAURA&VANESSA/463/Vanessa,483
F0111/BULLOCK.STEVE/155/Lisa,484
F0400/KING.JUAN.CARLOS.I/373/Elena,485
F0400/KING.JUAN.CARLOS.I/372/Cristina,486
F0031/ARANGO.ANDRES.PASTRANA/39/Laura,487
fr/Family_58/Uma_thurman_mother,488
F0740/THURMAN.UMA/658/Uma,488
F0740/THURMAN.UMA/658 /Uma,488
fr/Family_81/KATE_MOSS_mother,491
F0384/KATE.MOSS/369/Kate,491
F0038/ARNAULT.BERNARD/60/Delphine,493
fr/Family_31/Madonna_mother,494
F0455/MADONNA/447/Madonna,494
in/Family_64/Madonna_mother,494
fr/Family_11/jerry_hall_mother,497
F0096/BRADY-BUNDCHEN/126/Gisele,498
fr/Family_47/Gigi_hadid_daughter,499
F2013/Hadid.Bella/856/Gigi (Sister),499
fr/Family_45/elle_king_daughter,501
in/Family_150/Robin_Wright_mother,502
fr/Family_70/Robin_Wright_mother,502
fr/Family_81/Lila_Grace_Moss-Hack_daughter,504
F0384/KATE.MOSS/370/Lila Grace,504
fr/Family_37/Ava_Elizabeth_Sambora_daughter,506
fr/Family_99/Wendy_Wilson_daughter,507
F0462/MANNING.PEYTON/450/Ashley,508
fr/Family_24/Eugenie_d'York_daughter,509
in/Family_141/Wanda Ventham_mother,510
fr/Family_80/lucy_julia_rogers-ciaffa_daughter,511
fr/Family_56/elisabeth_de_belgique_daughter,512
F0604/Putin.Vladimir/553/Yekaterina,513
fr/Family_59/Jenna_Bush_daughter,514
in/Family_146/Chiranjeevi_father,515
in/Family_110/Rajesh Khattar_father,516
fr/Family_76/chunky_pandey_father,517
F0383/KASICH.JOHN/367/Reese,518
F0383/KASICH.JOHN/365/Emma,519
fr/Family_22/hillary_clinton_mother,520
fr/Family_48/Lily_Mo_Sheen_daughter,521
F0065/BECKINSDALE.KATE/102/Lily,521
fr/Family_7/Hailie_Jade_Scott_daughter,523
F0111/BULLOCK.STEVE/153/Alexandra,524
in/Family_82/Corinna_mother,525
F0669/SCHUMACHER.MICHAEL/626/Corinna,525
fr/Family_97/Corinna_Betsch_mother,525
F0400/KING.JUAN.CARLOS.I/378/Svetlana Medvedeva,528
fr/Family_4/lily_cowles_daughter,529
F0052/BARANSKI.CHRISTINE/71/Lily,529
fr/Family_41/Vanessa_Paradis_mother,531
fr/Family_15/kathy_hilton_mother,532
F0668/SCHRIVER.EUNICE/622/Ethel,533
in/Family_59/lennon John_father,534
F0430/LENNON.JOHN/409/John,534
in/Family_59/Julian_son,536
F0430/LENNON.JOHN/410/Julian,536
in/Family_124/Grace McNeil_mother,538
fr/Family_23/Michael_Lohan_father,539
F0438/LOHAN.LINDSAY/427/Michael,539
F0111/BULLOCK.STEVE/157/Steve,541
F0400/KING.JUAN.CARLOS.I/379/Dmitry Medvedev,542
in/Family_114/Jackie Shroff_father,543
fr/Family_71/Ajay_Devgan_father,544
in/Family_114/Tiger Shroff_son,545
in/Family_149/Pankaj Kapur_father,546
F2015/De Niro. Raphael/865/Raphael (son),547
fr/Family_92/Peggy_Lipton_mother,548
F0465/MARANO.LAURA&VANESSA/464/Damiano,549
F0400/KING.JUAN.CARLOS.I/376/Sofia,550
fr/Family_81/Jefferson_Hack_father,551
F0430/LENNON.JOHN/408/Yoko,552
in/Family_7/Sadie_Frost_mother,553
F0129/CASH.JOHNNY/182/June,554
fr/Family_84/Josie_canseco_daughter,555
F0660/SANDERS.BERNIE/611/Larry,556
F2019/Tomilson.Louis/877/Johannah (mother),557
fr/Family_61/Cynthia_Germanotta_mother,558
fr/Family_73/Sanjay_Kapoor_father,559
fr/Family_88/Zoey_Deutch_daughter,560
F0232/FERDINAND.WILLEM-ALEXANDER/224/Amalia,561
F0588/PORTMAN.NATALIE/534/Natalie,562
F0408/KNIGHTLEY.KEIRA/399/Keira,563
fr/Family_26/Leslie_Mann_mother,564
F0692/SMITH.JACLYN/630/Jaclyn,565
F0749/TRAVOLTA.JOHN/670/Kelly,566
in/Family_139/Nicola Elizabeth Frost_mother,567
F0383/KASICH.JOHN/366/Karen,568
in/Family_32/Paige_Dylan_mother,569
F2019/Tomilson.Louis/878/Troy (father),570
F0693/SMITH.MAGGIE/636/Robert,571
in/Family_119/Brad Pitt_father,572
in/Family_118/Brad Pitt_son,572
in/Family_72/Brad Pitt_father,572
F0581/PITT-JOLIE/525/Brad,572
in/Family_11/Rob_Lowe_father,576
F0581/PITT-JOLIE/526/Doug,577
F0031/ARANGO.ANDRES.PASTRANA/43/Santiago,578
in/Family_123/Matt Damon_son,579
in/Family_120/Leonardo DiCaprio_son,580
in/Family_86/Wahlberg Mark_father,581
F0771/WAHLBERG.MARK/678/Mark,581
in/Family_127/Christian Bale_son,583
F0915/Rudolph.Maya/816/Richard,584
fr/Family_47/Mohamed_Hadid_father,585
F2013/Hadid.Bella/858/Mohamed (Father),585
fr/Family_38/Meryl_Streep_mother,587
fr/Family_38/Grace_Gummer_daughter,588
F0323/HENRI.GRAND.DUKE.OF.LUXEMBOURG/351/Stephanie,589
fr/Family_68/Bill_gates_father,590
F0269/GATES.BILL/307/Bill,590
fr/Family_95/Sophie_Rhys-Jones_mother,592
in/Family_121/Tom Hanks_father,593
F0129/CASH.JOHNNY/183/John,594
F0324/HEPBURN.AUDREY/359/Mel,595
fr/Family_31/Lourdes_Leon_daughter,596
F0455/MADONNA/446/Lourdes,596
fr/Family_64/sistine_rose_stallone_daughter,598
fr/Family_74/Edgar_Rosenberg_father,599
F0632/RIVERS.JOAN/560/Edgar,599
F0714/STEWART.JON/653/Jon,601
fr/Family_77/Michael_Douglas_father,602
F2011/Douglas.Michael/845/Michael,602
fr/Family_44/Ben_Stiller_father,604
F2012/Platt.Ben/854/Marc (father),605
F0491/MEYERS.SETH/476/Seth,606
fr/Family_71/Nysa_Devgan_daughter,607
"in/Family_84/Princess Margaret, Countess of Snowdon_mother",608
fr/Family_22/chelsea_clinton_daughter,609
F0713/STEWART.BOOBOO/647/Fivel,610
fr/Family_18/Barack_Obama_father,611
F2018/Obama.Barack/873/Barack,611
in/Family_54/Johnson Dwayne_son,613
F0370/JOHNSON.DWAYNE/364/Dwayne,613
in/Family_3/Maha_son,615
F0007/ADULYADEJ.BHUMIBOL/18/Maha,615
fr/Family_33/Paul_Gascoigne_father,617
F0912/Lee.Spike/808/Tonya,618
F0912/Lee.Spike/807/Satchel,619
fr/Family_80/chris_ciaffa_father,620
F0658/Kraft.Robert/603/Joshua,621
in/Family_88/George Santo Pietro_father,622
in/Family_131/Sage Stallone_son,623
fr/Family_78/Tom_Cruise_father,624
fr/Family_58/ethan_hawke_father,625
F0740/THURMAN.UMA/660/Ethan,625
in/Family_141/Benedict Cumberbatch_son,627
F0832/Bonner.William/731/William,628
fr/Family_39/paul_qualley_father,629
fr/Family_13/Rande_Gerber_father,630
fr/Family_96/Rajesh_Khanna_father,631
F0030/ARAFAT.YASSER/35/Suha,632
F0895/Esten.Charles/802/Addie,633
fr/Family_35/Alexandra_de_Luxembourg_daughter,634
F0521/MUSK.ELON/498/Talulah,635
F0491/MEYERS.SETH/473/Ariel,636
fr/Family_2/christian_restoin_father,637
F0250/FORD.HENRY/251/Henry,638
F0740/THURMAN.UMA/659/Dechen,639
F2013/Hadid.Bella/855/Bella,640
in/Family_26/Christopher Gavigan_father,641
F0120/CAPSHAW-GAVIGAN/174/Chris,641
in/Family_112/Vivek Oberoi_son,643
fr/Family_94/Lisa_Marie_Presley_daughter,644
fr/Family_34/Nathalie_Baye_mother,645
F0062/BEAN.SEAN/88/Melanie,646
F0941/Engvall.Bill/824/Emily,647
F0464/MARA.ROONEY/459/Kathleen,648
F0782/WATSON.EMMA/689/Jacqueline (mother of emma),649
F0006/ADAY.MICHAEL/6/Amanda,650
F0832/Bonner.William/728/Fatima,651
in/Family_2/Arnault Bernard_father,652
in/Family_10/Arnault Bernard_father,652
F0038/ARNAULT.BERNARD/64/Bernard,652
in/Family_121/Rita_Wilson_mother,655
in/Family_11/Sheryl_Berkoff_mother,656
F0657/Sadat.Anwar/596/Camelia,657
F0234/FERREL.WILL/234/Viveca (wife of will),658
F0692/SMITH.JACLYN/632/Anthony,659
fr/Family_49/Jennifer_Schwalbach_Smith_mother,660
F0261/GADDAFI.MUAMMAR/286/Aisha,661
fr/Family_5/Chloe_Jouannet_daughter,662
fr/Family_49/harley_quinn_smith_daughter,663
F2019/Tomilson.Louis/881/Lottie (half sister),664
F2019/Tomilson.Louis/880/Felicite (half sister),665
F0544/ORA.RITA/513/Rita,666
fr/Family_10/dakota_johnson_daughter,667
fr/Family_12/ava_elizabeth_phillippe_daughter,668
F0006/ADAY.MICHAEL/8/Pearl,669
fr/Family_16/kate_hudson_daughter,670
F0111/BULLOCK.STEVE/154/Caroline,671
in/Family_26/Jessica Capshaw_mother,672
F0120/CAPSHAW-GAVIGAN/171/Jessica,672
in/Family_112/Yashodhara Oberoi_mother,674
F0065/BECKINSDALE.KATE/100/Judy,675
fr/Family_9/Zoe_Kravitz_daughter,676
fr/Family_41/Lily-Rose_Depp_daughter,677
fr/Family_32/Kim_Kardashian_daughter,678
F0851/Santos.Silvio/756/Patricia,679
F2014/Jenner.Kylie/860/Kendall (Sister),680
fr/Family_19/olivia_jade_giannulli_daughter,681
fr/Family_1/Holly_Anna_Ramsay_daughter,682
fr/Family_82/trishala_dutt_mother,683
fr/Family_12/reese_witherspoon_mother,684
in/Family_121/Chet Hanks_son,685
F0740/THURMAN.UMA/663/Nipam,686
fr/Family_99/Brian_Wilson_father,687
F0383/KASICH.JOHN/368/John,688
F0234/FERREL.WILL/239/Will Ferrell,689
in/Family_111/Nishi Mukesh_mother,690
fr/Family_82/Richa_Sharma_daughter,691
fr/Family_76/bhavna_pandey_mother,692
fr/Family_75/Sara_Ali_Khan_daughter,693
fr/Family_75/Amrita_Singh_mother,694
F0261/GADDAFI.MUAMMAR/287/Safiya,695
fr/Family_13/Kaia_Gerber_daughter,696
F0634/ROBERTS.JULIA/572/Eric,697
F0436/LINDBERGH.CHARLES/419/Charles Sr.,698
fr/Family_53/kitty_spencer_daughter,699
fr/Family_46/Ida_Lundgren_daughter,700
fr/Family_27/Miley_Cyrus_daughter,701
fr/Family_58/Maya_Thurman-hawke_daughter,702
F0740/THURMAN.UMA/655/Maya,702
F0604/Putin.Vladimir/552/Mariya,704
F0634/ROBERTS.JULIA/568/Emma,705
in/Family_72/Angelina_mother,706
in/Family_119/Angelina Jolie_mother,706
fr/Family_36/angelina_jolie_daughter,706
F0581/PITT-JOLIE/522/Angelina,706
in/Family_86/Rhea_mother,710
F0771/WAHLBERG.MARK/676/Rhea,710
fr/Family_29/Allison_Williams_daughter,712
fr/Family_67/eve_hewson_daughter,713
fr/Family_80/Mimi_Rogers_mother,714
fr/Family_36/Marcheline_Bertrand_mother,715
fr/Family_29/jane_stoddard_williams_mother,716
F0465/MARANO.LAURA&VANESSA/461/Ellen,717
fr/Family_42/Alexa_Ray_Joel_daughter,718
F0834/Sangalo.Ivete/740/Marcelo,719
fr/Family_3/Letizia_Ortiz_mother,720
F0400/KING.JUAN.CARLOS.I/375/Letizia,720
fr/Family_13/Cindy_Crawford_mother,722
fr/Family_78/Katie_Holmes_mother,723
F0834/Sangalo.Ivete/738/Ivete,724
F0142/CLEESE.JOHN/187/Camila,725
fr/Family_96/Twinkle_Khanna_daughter,726
fr/Family_5/Thomas_Jouannet_father,727
fr/Family_8/Billie_Lourd_daughter,728
in/Family_82/Schumacher MICHAEL_father,729
F0669/SCHUMACHER.MICHAEL/628/Michael,729
fr/Family_97/SCHUMACHER_MICHAEL_father,729
in/Family_82/Mick_son,732
F0669/SCHUMACHER.MICHAEL/629/Mick,732
F0037/ARMSTRONG.LANCE/58/Luke,734
"Series([], )/Series([], )/668/Series([], )",735
F0269/GATES.BILL/309/Rory,736
in/Family_71/jon gosselin_father,737
F0437/LIU.LUCY/422/John,738
F0713/STEWART.BOOBOO/649/Booboo,739
in/Family_117/Trey Smith_son,740
in/Family_70/Persson Stefan_father,741
F0572/PERSSON.STEFAN/519/Stefan,741
fr/Family_40/gerard_depardieu_father,743
F0096/BRADY-BUNDCHEN/130/Tom Sr.,744
in/Family_70/Karl_son,745
"Series([], )/Series([], )/518/Series([], )",745
in/Family_139/Dominic Holland_father,747
in/Family_118/William Alvin Pitt_father,748
F2016/Kurt.Russell/867/Kurt,749
in/Family_21/Joan_mother,750
F0895/Esten.Charles/804/Patty,751
F0142/CLEESE.JOHN/188/Cynthia,752
F0521/MUSK.ELON/497/Justine,753
fr/Family_61/Lady_gaga_daughter,754
F0097/BRAFF.ZACH/133/Harold,755
F0519/MURRAY.ANDY/495/James,756
F0519/MURRAY.ANDY/494/Andy Murray,757
in/Family_110/ishaan khattar_son,758
F0267/GARFIELD.ANDREW/299/Andrew,759
F0544/ORA.RITA/512/Elena,760
fr/Family_65/Francesca_Fisher-Eastwood_daughter,761
in/Family_50/Chris Martin_father,762
F0294/GWYNETH.PALTROW/328/Chris,762
F0693/SMITH.MAGGIE/637/Toby Stephen,764
fr/Family_7/Eminem_father,765
F0037/ARMSTRONG.LANCE/57/Lance,766
F0496/MIKKELSEN.MADS/480/Lars,767
in/Family_32/Jakob_Dylan_father,768
F0203/DYLAN.BOB/207/Jakob,768
in/Family_7/Jude_Law_father,770
in/Family_133/August Coppola_father,771
fr/Family_98/Francis_Ford_Coppola_father,772
F0893/White.Vanna/795/Gigi,773
F0714/STEWART.JON/652/Tracey,774
F0491/MEYERS.SETH/474/W,775
F0586/POMPEO.ELLEN/530/Ellen,776
fr/Family_56/Mathilde_d'Udekem_d'acoz_mother,777
F0037/ARMSTRONG.LANCE/54/Kristin,778
in/Family_126/Leonie Hemsworth_mother,779
in/Family_125/Leonie Hemsworth_mother,779
F0292/GUSTAF.KING.CARL.XVI/310/Madeleine,781
fr/Family_57/Jean-Claude_Van_Damme_father,782
F0803/WINEHOUSE.AMY/708/Amy,783
fr/Family_1/Tana_Ramsay_mother,784
fr/Family_34/laura_smet_daughter,785
F0063/BEAVER.CECILY/92/Madeline,786
in/Family_19/Quincy_Combs_son,787
in/Family_39/Rosemary_mother,788
F2001/Osbourne.Ozzy/835/Aimee (Daughter,789
F0205/Eastwood.Clint/217/Dina,790
F2014/Jenner.Kylie/862/Bruce (Father),791
F0039/ARROYO.GLORIA/68/Jose,792
F0452/MA.YO-YO/438/Yo-Yo,793
F0778/WANGCHUCK.JIGME.KHESAR.NAMGYEL/687/Jigme Singye,794
F0778/WANGCHUCK.JIGME.KHESAR.NAMGYEL/686/Jigme Khesar,795
F0586/POMPEO.ELLEN/532/Chris,796
F0894/Brady.Wayne/800/Mandie,797
in/Family_7/Rafferty_Law_son,798
F0544/ORA.RITA/516/Don,799
in/Family_2/Alexandre_son,800
F0038/ARNAULT.BERNARD/62/Alex,800
F0438/LOHAN.LINDSAY/426/Cody,802
in/Family_139/Tom holland_son,803
in/Family_10/Frederic Arnault_son,804
F0038/ARNAULT.BERNARD/65/Frederic,804
F0203/DYLAN.BOB/210/Robert,806
in/Family_71/Kate_mother,807
fr/Family_33/Sheryl_Gascoigne_mother,808
fr/Family_86/janet_jones_mother,809
fr/Family_54/Kyra_Sedgwick_mother,810
F0634/ROBERTS.JULIA/570/Julia,811
F0453/MACHIDA.LYOTO/439/Fabyola,812
fr/Family_6/Jennifer_Garner_mother,813
F0008/AFFLECK.BEN/19/Jennifer,813
F0924/Zoe.Rachel/820/Rachel,815
F0833/Leitte.Claudia/732/Claudia,816
fr/Family_68/melinda_gates_mother,817
F0269/GATES.BILL/305/Melinda,817
fr/Family_53/charles_spencer_father,819
F0055/BARRETTO.CLAUDINE/84/Raymart,820
F0802/WILSON.WOODROW/707/Woodrow,821
F0802/WILSON.WOODROW/706/Joesph,822
F0409/KOCH.FRED/405/Fred Koch,823
in/Family_111/Nitin Mukesh_father,824
in/Family_103/Rishi Kapoor_father,825
"Series([], )/Series([], )/886/Series([], )",826
F2015/De Niro. Robert Sr./866/Robert Sr. (father),827
fr/Family_24/Andrew_d'York_father,828
in/Family_133/Joy Vogelsang_mother,829
F0747/TRAINOR.MEGHAN/667/Justin Trainor,830
fr/Family_70/Dylan_Penn_daughter,831
F0203/DYLAN.BOB/203/Anna,832
fr/Family_52/Bebe_Buell_mother,833
F0142/CLEESE.JOHN/186/Barbara,834
fr/Family_71/kajol_mother,835
F0832/Bonner.William/727/Beatriz,836
F0323/HENRI.GRAND.DUKE.OF.LUXEMBOURG/349/Claire,837
F0250/FORD.HENRY/250/Edsel,838
F0295/GYLLENHAAL.JAKE/335/Peter,839
fr/Family_28/Katherine_Schwarzenegger_daughter,840
fr/Family_76/Ananya_Panday_daughter,841
F2012/Platt.Ben/853/Julie (mother),842
F2010/Dixie D'Amelio/842/Heidi (Mother),843
F0324/HEPBURN.AUDREY/358/Luca,844
fr/Family_89/Mickey_Sumner_daughter,845
in/Family_143/Uday Chopra_son,846
in/Family_106/David Dhawan_father,847
fr/Family_61/Joseph_Germanotta_father,848
F0037/ARMSTRONG.LANCE/53/Isabelle,849
F0036/ARMANI.GIORGIO/47/Silvana,850
F2012/Platt.Ben/852/Jonah (brother),851
F2012/Platt.Ben/851/Ben,852
F0749/TRAVOLTA.JOHN/672/Jett,853
in/Family_126/Liam Hemsworth_son,854
in/Family_125/Chris Hemswort_son,855
in/Family_88/Nikko_son,856
F0893/White.Vanna/798/Nicholas,856
in/Family_33/Scott_son,858
in/Family_3/Adulyadej Bhumibol_father,859
fr/Family_85/ADULYADEJ_BHUMIBOL_father,859
F0007/ADULYADEJ.BHUMIBOL/17/Bhumibol,859
F0604/Putin.Vladimir/554/Putin,862
in/Family_39/Miguel_son,863
fr/Family_11/georgia_may_jagger_daughter,864
F0834/Sangalo.Ivete/739/Daniel,865
F0261/GADDAFI.MUAMMAR/290/Mohammed,866
F0324/HEPBURN.AUDREY/356/Audrey,867
"Series([], )/Series([], )/885/Series([], )",868
"Series([], )/Series([], )/493/Series([], )",869
F0544/ORA.RITA/514/Vera,870
fr/Family_77/Carys_Zeta_Douglas_daughter,871
fr/Family_84/Jessica_canseco_mother,872
F0260/GABEL.SETH/284/Seth,873
fr/Family_45/Rob_Schneider_father,874
F0941/Engvall.Bill/825/Gail,875
fr/Family_7/Kimberly_Anne_Scott_mother,876
fr/Family_86/wayne_Gretzky_father,877
F0778/WANGCHUCK.JIGME.KHESAR.NAMGYEL/685/Kesang Choeden,878
F0778/WANGCHUCK.JIGME.KHESAR.NAMGYEL/684/Jetsun Pema,879
in/Family_64/Guy Ritchie_father,880
F0455/MADONNA/448/Guy,880
in/Family_5/Tommy_Lee_father,882
fr/Family_37/Richie_Sambora_father,883
fr/Family_52/Steven_Tyler_father,884
"Series([], )/Series([], )/887/Series([], )",885
fr/Family_27/Billy_Ray_Cyrus_father,886
F0454/MADISON.HOLLY/445/Pasquale,887
F0008/AFFLECK.BEN/25/Casey,888
in/Family_17/Adrienne Bosh_mother,889
F0091/BOSH.CHRIS/118/Adrienne,889
fr/Family_69/Gauri_Khan_mother,891
in/Family_5/Brandon_Thomas_Lee_son,892
F0499/MILLER.SIENNA/491/Tom,893
in/Family_123/Kent Damon_father,894
fr/Family_29/Brian_Williams_father,895
in/Family_124/Christopher John Jackman_father,896
F0668/SCHRIVER.EUNICE/625/Sargent,897
in/Family_104/Javed Akhtar_father,898
in/Family_104/Farhan Akhtar_son,899
F0924/Zoe.Rachel/823/Rodger,900
F0497/Miller.Brian/482/Elizabeth,901
F0250/FORD.HENRY/248/Clara,902
F0408/KNIGHTLEY.KEIRA/401/Caleb,903
F0603/PULVER.JENS/549/Jens,904
F0036/ARMANI.GIORGIO/48/Andrea,905
F0656/SACCONE-JOLY.ANNA/595/Johnathan,906
fr/Family_94/Elvis_Presley_color_father,907
fr/Family_44/Christine_Taylor_mother,908
fr/Family_27/Letitia_Jean_mother,909
fr/Family_15/paris_hilton_daughter,910
in/Family_32/Levi_Dylan_son,911
fr/Family_72/Boney_Kapoor_father,912
F0490/MESSI.LIONEL/468/B1,913
F0234/FERREL.WILL/238/Patrick (brother of will),914
fr/Family_14/David_Arquette_father,915
fr/Family_39/Rainey_Qualley_daughter,916
F0923/McDowell.Andie/818/Rainey,916
F0923/McDowell.Andie/819/Sarah,918
fr/Family_43/Frances_Bean_Cobain_daughter,919
F2017/Cobain.Kurt/872/Frances (daughter),919
F0261/GADDAFI.MUAMMAR/292/Mutassim,921
F0261/GADDAFI.MUAMMAR/289/Hannibal,922
F0575/PHELP.JAMES&OLIVER/521/Oliver,923
F0575/PHELP.JAMES&OLIVER/520/james,924
F0261/GADDAFI.MUAMMAR/288/Al-Saadi,925
F0497/Miller.Brian/483/Sadie,926
F0063/BEAVER.CECILY/91/Cecily,927
F0802/WILSON.WOODROW/702/Eleanor,928
F0803/WINEHOUSE.AMY/709/Janis,929
F0438/LOHAN.LINDSAY/423/Ali,930
F0009/Gronkowski.Rob/31/Glenn,931
F0009/Gronkowski.Rob/29/Chris,932
F2009/Logan Paul/839/Logan (Son),933
F0491/MEYERS.SETH/475/Josh,934
F2009/Logan Paul/840/Jake (Son),935
F0065/BECKINSDALE.KATE/103/Richard,936
fr/Family_84/Jose_Canseco_father,937
F0713/STEWART.BOOBOO/650/Nils Allen,938
F0036/ARMANI.GIORGIO/46/Rosanna,939
in/Family_131/Sylvester Stallone_father,940
fr/Family_64/sylvester_stallone_father,940
F0659/SALINGER..J.D/606/J.D,942
F0400/KING.JUAN.CARLOS.I/381/Juan Carlos,943
F0097/BRAFF.ZACH/134/Joshua,944
fr/Family_93/Candace_Cameron_Bure_mother,945
fr/Family_33/Bianca_Gascoigne_daughter,946
fr/Family_93/Natasha_Bure_daughter,947
F0037/ARMSTRONG.LANCE/52/Grace,948
fr/Family_8/Carrie_Fisher_mother,949
in/Family_6/Gloria_mother,950
in/Family_13/Gloria_mother,950
F0054/BARNES.MATT/79/Gloria,950
F0694/SMITH.MATT/638/Laura,953
F0588/PORTMAN.NATALIE/535/Shelley,954
F0749/TRAVOLTA.JOHN/669/Ella,955
fr/Family_75/Saif_Ali_Khan_father,956
F0053/BARDEM-CRUZ.JAVIER&PENELOPE/77/Javier,957
F0053/BARDEM-CRUZ.JAVIER&PENELOPE/76/Carlos,958
F0261/GADDAFI.MUAMMAR/291/Muammar,959
in/Family_67/Luis_father,960
F0463/MANZANO.LUIS/456/Edu,960
fr/Family_32/Robert_Kardashian_father,962
fr/Family_34/Johnny_Hallyday_father,963
fr/Family_11/mick_jagger_father,964
F0749/TRAVOLTA.JOHN/673/John,965
in/Family_111/Neil Nitin Mukesh_son,966
F0588/PORTMAN.NATALIE/538/Ben,967
F0803/WINEHOUSE.AMY/710/Alex,968
F0430/LENNON.JOHN/411/Sean,969
in/Family_103/Ranbir kapoor_son,970
F0323/HENRI.GRAND.DUKE.OF.LUXEMBOURG/353/Guillaume,971
fr/Family_21/alec_baldwin_father,972
F2011/Douglas.Michael/850/Cameron (son),973
in/Family_48/Philip_son,974
F0292/GUSTAF.KING.CARL.XVI/314/Carl Philip,974
F0651/RUDD.PAUL/591/Paul,976
F0009/Gronkowski.Rob/30/Dan,977
fr/Family_26/Judd_Apatow_father,978
in/Family_11/John_Owen_Lowe_son,979
in/Family_127/David Bale_father,980
fr/Family_59/George_W._Bush_father,981
fr/Family_39/MacDowell_Andie_mother,982
F0923/McDowell.Andie/817/Andie,982
fr/Family_4/Matthew_Cowles_father,984
F0941/Engvall.Bill/826/Bill,985
fr/Family_3/Felipe_VI_father,986
F0400/KING.JUAN.CARLOS.I/380/Felipe,986
fr/Family_82/Sanjay_Dutt_father,988
F0062/BEAN.SEAN/90/Sean,989
F0324/HEPBURN.AUDREY/360/Sean,990
in/Family_107/Abhishek Bachchan_son,991
F0490/MESSI.LIONEL/470/F,992
fr/Family_69/Suhana_Khan_daughter,993
fr/Family_68/Jennifer_Katharine_Gates_daughter,994
F0269/GATES.BILL/304/Jennifer,994
F0261/GADDAFI.MUAMMAR/293/Saif,996
F0894/Brady.Wayne/801/Wayne,997
in/Family_150/Hopper_Penn_son,998
fr/Family_40/Julie_Depardieu_daughter,999
F0038/ARNAULT.BERNARD/63/Antoine,1000
fr/Family_90/Brittny_Gastineau_daughter,1001
fr/Family_30/Ivanka_Trump_daughter,1002
fr/Family_86/paulina_gretzky_daughter,1003
F0833/Leitte.Claudia/736/Marcio,1004
F0268/GASOL.PAU/303/Pau,1005
in/Family_150/Sean_Penn_father,1006
fr/Family_70/Sean_Penn_father,1006
in/Family_39/Jose Ferrer_father,1008
fr/Family_31/Carlos_Leon_father,1009
F0895/Esten.Charles/805/Charles,1010
fr/Family_19/mossimo_giannulli_father,1011
fr/Family_46/Dolph_Lundgren_father,1012
fr/Family_1/gordon_ramsay_father,1013
F0694/SMITH.MATT/641/Matt,1014
F0323/HENRI.GRAND.DUKE.OF.LUXEMBOURG/352/Felix,1015
in/Family_134/Joseph Baena_son,1016
F0656/SACCONE-JOLY.ANNA/593/JolyAnna,1017
F0266/GARCIA.RADAMEL/295/Lorelei,1018
F0776/WALTERS.JULIE/683/Grant,1019
F0714/STEWART.JON/654/Nathan,1020
F0203/DYLAN.BOB/209/Jesse,1021
F0008/AFFLECK.BEN/20/Phoenix,1022
in/Family_76/Robben Arjen_father,1023
F0633/ROBBEN.ARJEN/564/Arjen,1023
F0462/MANNING.PEYTON/454/Peyton,1025
F0315/HASSELBECK.MATT&TIM/346/Matt,1026
in/Family_143/Yash Chopra_father,1027
F2015/De Niro. Drena/864/Drena (daughter),1028
F0521/MUSK.ELON/500/Elon,1029
in/Family_76/Bernadien_mother,1030
F0633/ROBBEN.ARJEN/562/Bernadien,1030
F0604/Putin.Vladimir/551/Lyudmila,1032
fr/Family_9/Lisa_Bonet_mother,1033
F2019/Tomilson.Louis/879/Louis,1034
fr/Family_54/Sosie_Bacon_daughter,1035
F2014/Jenner.Kylie/859/Kylie,1036
fr/Family_43/Kurt_Cobain_father,1037
F2017/Cobain.Kurt/870/Kurt,1037
F0407/KNIGHT.PHIL/398/Travis,1039
F0490/MESSI.LIONEL/471/lionel,1040
in/Family_4/Patrick_Schwarzenegger_son,1041
in/Family_135/Patrick Schwarzenegger_son,1041
F0544/ORA.RITA/515/Besnik,1043
fr/Family_73/maheep_sandhu_mother,1044
fr/Family_72/Sridevi_mother,1045
fr/Family_21/ireland_baldwin_daughter,1046
F0268/GASOL.PAU/302/Marc,1047
F0660/SANDERS.BERNIE/612/Levi,1048
F0661/SANDLER.ADAM/616/Adam,1049
fr/Family_35/Maria_Teresa_Mestre_mother,1050
F0323/HENRI.GRAND.DUKE.OF.LUXEMBOURG/350/Maria,1050
fr/Family_57/Gladys_Portugues_mother,1052
fr/Family_12/Ryan_phillippe_father,1053
F0496/MIKKELSEN.MADS/479/Carl,1054
in/Family_120/George DiCaprio_father,1055
fr/Family_64/jennifer_flavin_mother,1056
fr/Family_93/Valeri_Bure_father,1057
fr/Family_50/Viola_Jacobsen_Mikkelsen_daughter,1058
F0496/MIKKELSEN.MADS/478/Viola,1058
in/Family_146/Ram Charan_son,1060
F0009/Gronkowski.Rob/32/Gord,1061
fr/Family_92/Rashida_Jones_daughter,1062
F0189/DESCHANEL.ZOOEY/196/Zooey,1063
F0097/BRAFF.ZACH/132/Adam,1064
fr/Family_9/Lenny_kravitz_father,1065
F0006/ADAY.MICHAEL/9/Michael,1066
"Series([], )/Series([], )/441/Series([], )",1067
F0464/MARA.ROONEY/460/Rooney,1068
F0370/JOHNSON.DWAYNE/362/Dany Garcia,1069
in/Family_20/David_Beckham_father,1070
in/Family_1/David_Beckham_father,1070
F0064/BECKHAM.DAVID/98/David,1070
fr/Family_50/Hanne_Jacobsen_mother,1073
F0496/MIKKELSEN.MADS/477/Hanne,1073
F0667/SCHAEFFLER.GEORG/621/Georg,1075
F0490/MESSI.LIONEL/467/W,1076
fr/Family_67/Bono_father,1077
fr/Family_41/Johnny_Depp_father,1078
in/Family_106/Varun Dhawan_son,1079
F0266/GARCIA.RADAMEL/296/Radamel,1080
in/Family_149/Shahid Kapoor_son,1081
F2010/Dixie D'Amelio/841/Marc (Father),1082
F0205/Eastwood.Clint/221/Kyle,1083
F0204/EASTWOOD-JOHNSON/215/Kyle,1083
F0661/SANDLER.ADAM/613/Jackie,1085
F0915/Rudolph.Maya/811/Maya,1086
F2015/De Niro. Robert/863/Robert,1087
F0866/Zhang.Liang/780/Liang,1088
fr/Family_30/Ivana_Trump_mother,1089
fr/Family_16/bill_hudson_father,1090
F0803/WINEHOUSE.AMY/711/Mitch,1091
in/Family_124/Hugh Jackman_son,1092
fr/Family_96/Dimple_Kapadia_mother,1093
F0036/ARMANI.GIORGIO/44/Maria,1094
F0658/Kraft.Robert/602/Jonathan,1095
F2016/Kurt.Russell/869/Wyatt (son),1096
F0096/BRADY-BUNDCHEN/128/Brady,1097
fr/Family_55/Xi_mingze_daughter,1098
F0454/MADISON.HOLLY/443/Holly,1099
F0116/CAAN.JAMES/162/Scott,1100
in/Family_67/Manzano Luis_son,1101
F0463/MANZANO.LUIS/457/Luis,1101
in/Family_21/Sam_son,1103
F0462/MANNING.PEYTON/452/Eli,1104
F0851/Santos.Silvio/759/Silvio,1105
F0009/Gronkowski.Rob/34/Rob,1106
in/Family_133/Nicolas Cage_son,1107
F0519/MURRAY.ANDY/496/William Murray,1108
F0295/GYLLENHAAL.JAKE/336/Stephen,1109
in/Family_19/Sean_Combs_father,1110
in/Family_114/Ayesha Shroff_mother,1111
F0097/BRAFF.ZACH/135/Zach,1112
F0438/LOHAN.LINDSAY/428/Michael Jr.,1113
F0490/MESSI.LIONEL/469/B2,1114
F0915/Rudolph.Maya/815/Paul,1115
in/Family_107/Amitabh Bachchan_father,1116
F0893/White.Vanna/797/George,1117
F0295/GYLLENHAAL.JAKE/334/Jake,1118